reg_lambda,mse
1,25.504818932670847
2,24.077609974301172
3,27.82122370447452
4,24.540013745386915
5,24.200670006134107
6,22.849205608085693
7,22.310304797120036
8,23.40521496147282
9,26.12965210831738
10,20.853842580511568
