reg_lambda,mse
1,25.65611003278212
2,24.913512226828754
3,29.143892008265876
4,25.133488034279793
5,24.67876097613218
6,23.058869638359734
7,22.72870217279619
8,22.887381306318037
9,26.11390699387923
10,21.040963058864623
