reg_lambda,MAE
1,3.188968224748831
2,3.1774670191939247
3,3.3849548154625255
4,3.1950845724245696
5,3.1607323435239087
6,3.0576573352697882
7,3.059381514164495
8,3.0974387149522187
9,3.1553478593399475
10,3.0043820585708607
